pos,aa,entropy_score,conservation_score
1,M,0.6193821946787638,84.61538461538461
2,E,0.8451064151274781,80.76923076923077
3,E,0.8451064151274781,80.76923076923077
4,P,1.6408676019243733,46.15384615384615
5,Q,1.0681873374585056,76.92307692307693
6,S,1.4124832450158702,65.38461538461539
7,D,1.3829457416591304,57.692307692307686
8,P,1.8150724101159432,46.15384615384615
9,S,1.773011489738988,57.692307692307686
10,V,1.7549369174491274,42.30769230769231
11,E,0.8451064151274781,80.76923076923077
12,P,1.198183947911799,69.23076923076923
13,P,0.6193821946787638,84.61538461538461
14,L,0.6193821946787638,84.61538461538461
15,S,0.6193821946787638,84.61538461538461
16,Q,0.6193821946787638,84.61538461538461
17,E,0.6193821946787638,84.61538461538461
18,T,0.6193821946787638,84.61538461538461
19,F,0.6193821946787638,84.61538461538461
20,S,0.6193821946787638,84.61538461538461
21,D,1.3363816313106465,73.07692307692307
22,L,0.5159469300074474,88.46153846153845
23,W,0.5159469300074474,88.46153846153845
24,K,1.300194642888527,61.53846153846154
25,L,0.5159469300074474,88.46153846153845
26,L,0.5159469300074474,88.46153846153845
27,P,0.5159469300074474,88.46153846153845
28,E,1.1056124005414156,73.07692307692307
29,N,0.9699184342750369,80.76923076923077
30,N,0.89299535735196,80.76923076923077
31,V,1.590131201194239,57.692307692307686
32,L,0.5159469300074474,88.46153846153845
33,S,1.1160762796829877,76.92307692307693
34,P,2.051564125707367,38.46153846153847
35,L,2.205410279553521,38.46153846153847
36,P,1.6514770737609425,42.30769230769231
37,S,0.9699184342750369,80.76923076923077
38,Q,2.3056450063529996,30.76923076923077
39,A,2.030211950247993,46.15384615384615
40,M,1.7762890929085011,42.30769230769231
41,D,1.2220334913046595,76.92307692307693
42,D,1.149660363146287,73.07692307692307
43,L,1.37088490928384,69.23076923076923
44,M,0.9828586897127056,57.692307692307686
45,L,1.1056124005414156,73.07692307692307
46,S,1.4594911601991534,61.53846153846154
47,P,1.5654483718208254,61.53846153846154
48,D,1.8053232276070963,42.30769230769231
49,D,1.075875645896709,80.76923076923077
50,I,1.3829457416591304,57.692307692307686
51,E,1.6143308351592656,46.15384615384615
52,Q,2.1442812657727472,42.30769230769231
53,W,0.46816664055233254,92.3076923076923
54,F,0.9612366047228759,61.53846153846154
55,T,1.8318599943722043,42.30769230769231
56,E,1.1451104143815827,76.92307692307693
57,D,2.3306131281348943,50.0
58,P,0.9989525689736319,80.76923076923077
59,G,2.0318213340928555,46.15384615384615
60,P,1.4655360408326097,42.30769230769231
61,D,1.4452458201097456,50.0
62,E,1.4478079862069166,69.23076923076923
63,A,0.8501514254479945,84.61538461538461
64,P,1.825251737288651,61.53846153846154
65,R,1.8709154329373665,53.84615384615385
66,M,1.2304244196889744,73.07692307692307
67,P,1.3405071628991212,57.692307692307686
68,E,1.2722595663292233,57.692307692307686
69,A,1.1496603631462867,73.07692307692307
70,A,1.725181382994295,42.30769230769231
71,P,1.8844779003049217,42.30769230769231
72,P,1.9823230080235112,46.15384615384615
73,V,2.4195562985716133,26.923076923076923
74,A,1.5077577608066894,57.692307692307686
75,P,0.6219041416291193,88.46153846153845
76,A,1.7116189156267403,53.84615384615385
77,P,1.4768421209055118,69.23076923076923
78,A,1.2115696121630875,73.07692307692307
79,A,1.0681873374585056,76.92307692307693
80,P,0.7441942138263227,84.61538461538461
81,T,1.6503255293408439,53.84615384615385
82,P,0.8451064151274781,80.76923076923077
83,A,0.9293550115186282,76.92307692307693
84,A,0.5159469300074474,88.46153846153845
85,P,0.6219041416291193,88.46153846153845
86,A,0.6988272185521962,88.46153846153845
87,P,0.23519338181924143,96.15384615384616
88,A,-0.0,100.0
89,P,1.3143204867061788,46.15384615384615
90,S,0.6193821946787638,84.61538461538461
91,W,-0.0,100.0
92,P,-0.0,100.0
93,L,-0.0,100.0
94,S,-0.0,100.0
95,S,-0.0,100.0
96,S,0.8403586716091171,73.07692307692307
97,V,-0.0,100.0
98,P,-0.0,100.0
99,S,-0.0,100.0
100,Q,0.8501514254479945,84.61538461538461
101,K,0.39124356362925566,92.3076923076923
102,T,0.23519338181924143,96.15384615384616
103,Y,-0.0,100.0
104,Q,1.693027668432327,42.30769230769231
105,G,-0.0,100.0
106,S,1.8999495676359617,53.84615384615385
107,Y,-0.0,100.0
108,G,0.23519338181924143,96.15384615384616
109,F,-0.0,100.0
110,R,0.8451064151274781,80.76923076923077
111,L,0.23519338181924143,96.15384615384616
112,G,0.23519338181924143,96.15384615384616
113,F,-0.0,100.0
114,L,0.23519338181924143,96.15384615384616
115,H,0.9293550115186283,76.92307692307693
116,S,-0.0,100.0
117,G,-0.0,100.0
118,T,-0.0,100.0
119,A,-0.0,100.0
120,K,-0.0,100.0
121,S,-0.0,100.0
122,V,-0.0,100.0
123,T,0.39124356362925566,92.3076923076923
124,C,0.23519338181924143,96.15384615384616
125,T,-0.0,100.0
126,Y,-0.0,100.0
127,S,-0.0,100.0
128,P,0.23519338181924143,96.15384615384616
129,A,2.3308381614319837,30.76923076923077
130,L,-0.0,100.0
131,N,-0.0,100.0
132,K,-0.0,100.0
133,M,0.9612366047228759,61.53846153846154
134,F,-0.0,100.0
135,C,-0.0,100.0
136,Q,-0.0,100.0
137,L,-0.0,100.0
138,A,-0.0,100.0
139,K,-0.0,100.0
140,T,-0.0,100.0
141,C,-0.0,100.0
142,P,-0.0,100.0
143,V,-0.0,100.0
144,Q,-0.0,100.0
145,L,0.23519338181924143,96.15384615384616
146,W,-0.0,100.0
147,V,-0.0,100.0
148,D,1.5813432267683005,65.38461538461539
149,S,0.23519338181924143,96.15384615384616
150,T,1.1047909373235625,65.38461538461539
151,P,-0.0,100.0
152,P,-0.0,100.0
153,P,0.23519338181924143,96.15384615384616
154,G,0.23519338181924143,96.15384615384616
155,T,0.7062740891876007,80.76923076923077
156,R,0.39124356362925566,92.3076923076923
157,V,-0.0,100.0
158,R,-0.0,100.0
159,A,-0.0,100.0
160,M,0.23519338181924143,96.15384615384616
161,A,-0.0,100.0
162,I,-0.0,100.0
163,Y,-0.0,100.0
164,K,-0.0,100.0
165,Q,0.9828586897127056,57.692307692307686
166,S,0.7062740891876007,80.76923076923077
167,Q,0.8403586716091171,73.07692307692307
168,H,1.07273728622321,73.07692307692307
169,M,0.39124356362925566,92.3076923076923
170,T,-0.0,100.0
171,E,-0.0,100.0
172,V,-0.0,100.0
173,V,-0.0,100.0
174,R,-0.0,100.0
175,R,-0.0,100.0
176,C,0.23519338181924143,96.15384615384616
177,P,-0.0,100.0
178,H,-0.0,100.0
179,H,-0.0,100.0
180,E,-0.0,100.0
181,R,-0.0,100.0
182,C,0.7793498372920851,76.92307692307693
183,S,0.23519338181924143,96.15384615384616
184,D,0.39124356362925566,92.3076923076923
185,S,0.6193821946787638,84.61538461538461
186,D,-0.0,100.0
187,G,0.23519338181924143,96.15384615384616
188,L,-0.0,100.0
189,A,-0.0,100.0
190,P,-0.0,100.0
191,P,-0.0,100.0
192,Q,-0.0,100.0
193,H,-0.0,100.0
194,L,-0.0,100.0
195,I,-0.0,100.0
196,R,-0.0,100.0
197,V,-0.0,100.0
198,E,-0.0,100.0
199,G,-0.0,100.0
200,N,-0.0,100.0
201,L,0.46816664055233254,92.3076923076923
202,R,1.07273728622321,73.07692307692307
203,V,1.1687997226410383,57.692307692307686
204,E,0.39124356362925566,92.3076923076923
205,Y,-0.0,100.0
206,L,1.149660363146287,73.07692307692307
207,D,0.23519338181924143,96.15384615384616
208,D,-0.0,100.0
209,R,0.39124356362925566,92.3076923076923
210,N,0.8451064151274781,80.76923076923077
211,T,-0.0,100.0
212,F,-0.0,100.0
213,R,-0.0,100.0
214,H,-0.0,100.0
215,S,-0.0,100.0
216,V,-0.0,100.0
217,V,-0.0,100.0
218,V,-0.0,100.0
219,P,-0.0,100.0
220,Y,-0.0,100.0
221,E,-0.0,100.0
222,P,0.5159469300074474,88.46153846153845
223,P,-0.0,100.0
224,E,-0.0,100.0
225,V,0.7441942138263227,84.61538461538461
226,G,0.6219041416291193,88.46153846153845
227,S,-0.0,100.0
228,D,0.7793498372920851,76.92307692307693
229,C,0.7441942138263227,84.61538461538461
230,T,-0.0,100.0
231,T,-0.0,100.0
232,I,-0.0,100.0
233,H,-0.0,100.0
234,Y,-0.0,100.0
235,N,0.39124356362925566,92.3076923076923
236,Y,0.7793498372920851,76.92307692307693
237,M,-0.0,100.0
238,C,-0.0,100.0
239,N,-0.0,100.0
240,S,-0.0,100.0
241,S,-0.0,100.0
242,C,-0.0,100.0
243,M,-0.0,100.0
244,G,-0.0,100.0
245,G,-0.0,100.0
246,M,-0.0,100.0
247,N,-0.0,100.0
248,R,-0.0,100.0
249,R,-0.0,100.0
250,P,-0.0,100.0
251,I,-0.0,100.0
252,L,0.23519338181924143,96.15384615384616
253,T,-0.0,100.0
254,I,-0.0,100.0
255,I,-0.0,100.0
256,T,-0.0,100.0
257,L,-0.0,100.0
258,E,-0.0,100.0
259,D,0.23519338181924143,96.15384615384616
260,S,0.6219041416291193,88.46153846153845
261,S,0.9989525689736319,80.76923076923077
262,G,-0.0,100.0
263,N,0.5159469300074474,88.46153846153845
264,L,0.23519338181924143,96.15384615384616
265,L,-0.0,100.0
266,G,-0.0,100.0
267,R,-0.0,100.0
268,N,0.7441942138263227,84.61538461538461
269,S,-0.0,100.0
270,F,-0.0,100.0
271,E,-0.0,100.0
272,V,-0.0,100.0
273,R,-0.0,100.0
274,V,0.5159469300074474,88.46153846153845
275,C,-0.0,100.0
276,A,-0.0,100.0
277,C,-0.0,100.0
278,P,-0.0,100.0
279,G,-0.0,100.0
280,R,-0.0,100.0
281,D,-0.0,100.0
282,R,-0.0,100.0
283,R,-0.0,100.0
284,T,-0.0,100.0
285,E,-0.0,100.0
286,E,-0.0,100.0
287,E,0.39124356362925566,92.3076923076923
288,N,-0.0,100.0
289,L,0.8904916402194913,69.23076923076923
290,R,0.9989525689736319,80.76923076923077
291,K,-0.0,100.0
292,K,0.39124356362925566,92.3076923076923
293,G,0.39124356362925566,92.3076923076923
294,E,1.149660363146287,73.07692307692307
295,P,1.3544149756186803,65.38461538461539
296,H,0.7793498372920851,76.92307692307693
297,H,0.9612366047228759,61.53846153846154
298,E,0.7441942138263227,84.61538461538461
299,L,0.9305861291319928,65.38461538461539
300,P,0.23519338181924143,96.15384615384616
301,P,0.39124356362925566,92.3076923076923
302,G,0.89299535735196,80.76923076923077
303,S,0.23519338181924143,96.15384615384616
304,T,1.2901208527411523,69.23076923076923
305,K,-0.0,100.0
306,R,-0.0,100.0
307,A,-0.0,100.0
308,L,-0.0,100.0
309,P,-0.0,100.0
310,N,1.5053128791540096,46.15384615384615
311,N,1.746103413789808,53.84615384615385
312,T,0.23519338181924143,96.15384615384616
313,S,0.46816664055233254,92.3076923076923
314,S,0.23519338181924143,96.15384615384616
315,S,0.23519338181924143,96.15384615384616
316,P,-0.0,100.0
317,Q,0.9293550115186282,76.92307692307693
318,P,1.0577422381270596,69.23076923076923
319,K,-0.0,100.0
320,K,0.23519338181924143,96.15384615384616
321,K,-0.0,100.0
322,P,0.39124356362925566,92.3076923076923
323,L,-0.0,100.0
324,D,-0.0,100.0
325,G,0.46816664055233254,92.3076923076923
326,E,-0.0,100.0
327,Y,-0.0,100.0
328,F,-0.0,100.0
329,T,0.23519338181924143,96.15384615384616
330,L,-0.0,100.0
331,Q,0.8904916402194913,69.23076923076923
332,I,0.7732283485249176,84.61538461538461
333,R,0.8501514254479945,84.61538461538461
334,G,0.7732283485249176,84.61538461538461
335,R,1.5827993325271836,69.23076923076923
336,E,1.7691705101193773,57.692307692307686
337,R,0.8501514254479945,84.61538461538461
338,F,1.4768421209055118,69.23076923076923
339,E,0.9989525689736319,80.76923076923077
340,M,1.2220334913046595,76.92307692307693
341,F,0.9989525689736319,80.76923076923077
342,R,1.3708849092838398,69.23076923076923
343,E,1.1160762796829877,76.92307692307693
344,L,1.2594585543875694,73.07692307692307
345,N,0.89299535735196,80.76923076923077
346,E,1.3708849092838398,69.23076923076923
347,A,0.7062740891876007,80.76923076923077
348,L,0.7062740891876007,80.76923076923077
349,E,0.7062740891876007,80.76923076923077
350,L,0.9293550115186283,76.92307692307693
351,K,0.9293550115186283,76.92307692307693
352,D,0.7062740891876007,80.76923076923077
353,A,0.7062740891876007,80.76923076923077
354,Q,1.7154535460473683,61.53846153846154
355,A,1.7691705101193773,57.692307692307686
356,G,2.143891859970535,50.0
357,K,1.6153243562732233,57.692307692307686
358,E,1.149660363146287,73.07692307692307
359,P,1.4034099330298797,57.692307692307686
360,G,1.6803531851533968,53.84615384615385
361,G,1.9127317997674897,38.46153846153847
362,S,1.07273728622321,73.07692307692307
363,R,1.07273728622321,73.07692307692307
364,A,1.07273728622321,73.07692307692307
365,H,0.7062740891876007,80.76923076923077
366,S,0.9293550115186283,76.92307692307693
367,S,0.7062740891876007,80.76923076923077
368,H,1.447974570539304,53.84615384615385
369,L,1.07273728622321,73.07692307692307
370,K,0.7062740891876007,80.76923076923077
371,S,1.5325732575026199,61.53846153846154
372,K,0.7062740891876007,80.76923076923077
373,K,0.7062740891876007,80.76923076923077
374,G,1.07273728622321,73.07692307692307
375,Q,1.1841636411194805,69.23076923076923
376,S,0.7062740891876007,80.76923076923077
377,T,1.6803531851533968,53.84615384615385
378,S,0.7062740891876007,80.76923076923077
379,R,1.2736509190759928,65.38461538461539
380,H,1.07273728622321,73.07692307692307
381,K,0.9293550115186283,76.92307692307693
382,K,0.7062740891876007,80.76923076923077
383,L,2.2673195285703214,30.76923076923077
384,M,0.9293550115186283,76.92307692307693
385,F,1.9131226292013044,50.0
386,K,0.7062740891876007,80.76923076923077
387,T,1.766567605160557,46.15384615384615
388,E,1.07273728622321,73.07692307692307
389,G,0.7062740891876007,80.76923076923077
390,P,1.1841636411194805,69.23076923076923
391,D,0.7062740891876007,80.76923076923077
392,S,0.7062740891876007,80.76923076923077
393,D,0.7062740891876007,80.76923076923077
